id,first_name,last_name,email,gender,ip_address
1,Ulrick,Jesty,ujesty0@illinois.edu,Bigender,171.71.17.175
2,Rafi,Spendlove,rspendlove1@delicious.com,Genderqueer,249.184.73.196
3,Wye,Kelemen,wkelemen2@businessweek.com,Male,204.36.240.153
4,Hermina,Shiel,hshiel3@nydailynews.com,Non-binary,81.2.64.135
5,Merwin,Dicty,mdicty4@go.com,Non-binary,224.199.250.115
6,Elnar,Favill,efavill5@patch.com,Genderfluid,164.70.85.71
7,Erl,Scriviner,escriviner6@jugem.jp,Polygender,251.20.255.153
8,Cordie,Nottingham,cnottingham7@slashdot.org,Non-binary,11.107.158.103
9,Grannie,McKennan,gmckennan8@ucoz.com,Female,103.67.50.112
10,Margi,Bentje,mbentje9@dagondesign.com,Agender,49.100.173.21
11,Maxy,Cleve,mclevea@vimeo.com,Genderqueer,129.171.240.162
12,Rickie,Readshaw,rreadshawb@nba.com,Female,185.199.165.136
13,Geri,Willmett,gwillmettc@storify.com,Genderfluid,0.253.252.167
14,Vaughan,Skirving,vskirvingd@sphinn.com,Male,87.185.240.114
15,Bar,Jura,bjurae@jimdo.com,Non-binary,87.61.222.245
16,Constancia,Bohike,cbohikef@pbs.org,Male,160.84.210.181
17,Louise,Plaide,lplaideg@msu.edu,Bigender,169.169.44.255
18,Lem,Monckton,lmoncktonh@prnewswire.com,Polygender,125.11.243.78
19,Nicholle,Tatum,ntatumi@cmu.edu,Agender,79.255.109.246
20,Roslyn,Eye,reyej@scribd.com,Genderfluid,26.49.149.50
21,Aubrey,Spinello,aspinellok@tinyurl.com,Polygender,104.236.99.23
22,Kevan,Snaith,ksnaithl@arstechnica.com,Genderqueer,252.216.8.230
23,Teodoor,Longstreet,tlongstreetm@whitehouse.gov,Non-binary,169.62.194.76
24,Dorice,Lincey,dlinceyn@shareasale.com,Agender,239.167.38.88
25,Sonny,Lipgens,slipgenso@slashdot.org,Male,153.250.229.36
26,Pippa,Satteford,psattefordp@hugedomains.com,Non-binary,58.115.90.26
27,Abel,MacAlister,amacalisterq@vistaprint.com,Polygender,71.123.211.106
28,Mason,Lathy,mlathyr@ftc.gov,Polygender,69.3.63.148
29,Caren,Catling,ccatlings@hp.com,Male,79.155.115.181
30,Maximo,Poland,mpolandt@bloomberg.com,Female,214.220.32.102
31,Guenevere,Hrachovec,ghrachovecu@soup.io,Polygender,126.34.14.59
32,Delores,Raithby,draithbyv@pagesperso-orange.fr,Genderqueer,191.77.203.158
33,Corly,Easdon,ceasdonw@dagondesign.com,Agender,104.31.224.23
34,Barry,Dallimare,bdallimarex@creativecommons.org,Bigender,39.50.84.19
35,Ignacius,Hancill,ihancilly@photobucket.com,Agender,152.103.140.92
36,Roshelle,Kristoffersen,rkristoffersenz@bizjournals.com,Polygender,3.220.32.194
37,Fin,Clausen-Thue,fclausenthue10@list-manage.com,Genderqueer,146.144.244.159
38,Feliks,Grewer,fgrewer11@163.com,Polygender,153.32.23.6
39,Dinah,Winkworth,dwinkworth12@nifty.com,Bigender,141.87.197.215
40,Roland,Peegrem,rpeegrem13@dailymotion.com,Polygender,48.161.58.79
41,Buffy,Kemmet,bkemmet14@edublogs.org,Female,85.127.243.70
42,Karl,Hodgins,khodgins15@angelfire.com,Non-binary,241.241.97.131
43,Prudence,McCloch,pmccloch16@narod.ru,Bigender,158.110.140.193
44,Alis,Calderhead,acalderhead17@google.es,Agender,196.118.27.230
45,Darcy,Huard,dhuard18@com.com,Male,237.41.195.47
46,Noellyn,Vanetti,nvanetti19@desdev.cn,Agender,247.76.2.157
47,Shirlene,Ayshford,sayshford1a@clickbank.net,Bigender,51.114.53.164
48,Wilburt,Dionsetti,wdionsetti1b@github.io,Genderfluid,10.185.177.123
49,Carol-jean,Howles,chowles1c@ibm.com,Genderqueer,144.238.133.18
50,Alvera,Minithorpe,aminithorpe1d@admin.ch,Genderfluid,175.158.254.52
51,Minda,Koubek,mkoubek1e@miibeian.gov.cn,Genderfluid,124.101.146.74
52,Elisabetta,Babcock,ebabcock1f@telegraph.co.uk,Bigender,109.177.75.50
53,Axel,Grzesiewicz,agrzesiewicz1g@fda.gov,Female,132.78.21.86
54,Freedman,Scrivens,fscrivens1h@hc360.com,Non-binary,151.152.7.151
55,Cairistiona,MacLardie,cmaclardie1i@amazonaws.com,Genderqueer,140.240.179.176
56,Rouvin,Wastling,rwastling1j@sciencedaily.com,Agender,246.116.117.35
57,Corabel,Steptoe,csteptoe1k@theatlantic.com,Bigender,219.21.202.111
58,Daphna,Lea,dlea1l@tripadvisor.com,Polygender,74.0.209.250
59,Martynne,Fairhurst,mfairhurst1m@tumblr.com,Female,211.74.37.42
60,Clemmy,Hounson,chounson1n@gravatar.com,Genderfluid,126.52.226.211
61,Tadio,Whorton,twhorton1o@whitehouse.gov,Bigender,205.112.62.5
62,Lowe,Petronis,lpetronis1p@un.org,Polygender,103.173.184.218
63,Izak,Binding,ibinding1q@businesswire.com,Agender,224.220.58.85
64,Aviva,Brunsen,abrunsen1r@princeton.edu,Female,214.235.50.249
65,Meredeth,Huffer,mhuffer1s@hibu.com,Polygender,96.50.83.60
66,Burgess,Whytock,bwhytock1t@irs.gov,Genderfluid,67.236.210.176
67,Franz,Edgcombe,fedgcombe1u@mail.ru,Male,189.240.192.2
68,Ellery,Trusler,etrusler1v@free.fr,Female,170.108.176.148
69,Abie,Hotson,ahotson1w@blinklist.com,Non-binary,249.223.244.230
70,Korney,Biggin,kbiggin1x@example.com,Bigender,64.30.153.177
71,Lucretia,McVanamy,lmcvanamy1y@g.co,Female,171.88.149.94
72,Gert,De Ruel,gderuel1z@xrea.com,Polygender,22.186.191.87
73,Gwyn,Stearley,gstearley20@dmoz.org,Bigender,218.153.26.13
74,Wynn,Braben,wbraben21@squarespace.com,Polygender,4.125.155.143
75,Mommy,MacSwayde,mmacswayde22@dailymotion.com,Female,230.110.127.111
76,Northrop,Cuming,ncuming23@bbb.org,Agender,124.158.189.43
77,Stephanus,Robuchon,srobuchon24@msu.edu,Agender,59.175.48.107
78,Aldo,Bigland,abigland25@ucoz.ru,Male,115.150.228.157
79,Sherrie,Sikorski,ssikorski26@pinterest.com,Genderqueer,130.5.236.136
80,Luise,Vallance,lvallance27@marketwatch.com,Genderqueer,82.122.112.61
81,Alejandra,Runchman,arunchman28@netscape.com,Bigender,71.212.167.192
82,Dorotea,Klyner,dklyner29@bravesites.com,Non-binary,61.99.62.180
83,Gareth,Tregear,gtregear2a@imgur.com,Non-binary,3.150.201.159
84,Sharlene,Scriven,sscriven2b@elegantthemes.com,Male,40.240.138.129
85,Myrna,Larcher,mlarcher2c@cisco.com,Non-binary,226.115.38.31
86,Mikael,Barosch,mbarosch2d@tinypic.com,Agender,158.160.122.147
87,Brynne,Comazzo,bcomazzo2e@shop-pro.jp,Genderqueer,96.208.173.244
88,Curt,Edmand,cedmand2f@netlog.com,Polygender,238.13.52.65
89,Daryl,Jeyness,djeyness2g@bing.com,Non-binary,152.2.9.155
90,Kermit,Keuning,kkeuning2h@pinterest.com,Female,16.180.204.37
91,Jed,Slipper,jslipper2i@slashdot.org,Female,195.107.242.42
92,Arden,Bowie,abowie2j@constantcontact.com,Non-binary,133.106.54.148
93,Normy,McPeice,nmcpeice2k@census.gov,Agender,132.136.51.234
94,Saunder,Huske,shuske2l@smugmug.com,Genderqueer,7.68.97.64
95,Erie,Petruszka,epetruszka2m@nba.com,Agender,198.158.44.221
96,Bunny,Berka,bberka2n@auda.org.au,Polygender,252.160.60.113
97,Netta,Creese,ncreese2o@eepurl.com,Genderqueer,198.177.224.146
98,Dewey,Greenalf,dgreenalf2p@fc2.com,Polygender,102.245.148.28
99,Eadith,Fysh,efysh2q@networksolutions.com,Male,153.64.214.144
100,Guinevere,Childs,gchilds2r@omniture.com,Polygender,119.47.254.207
101,Regan,Hildred,rhildred2s@nbcnews.com,Agender,159.115.229.240
102,Olimpia,Meletti,omeletti2t@last.fm,Non-binary,94.61.129.129
103,Arabella,Chellingworth,achellingworth2u@weather.com,Female,242.176.171.144
104,Washington,Santo,wsanto2v@bandcamp.com,Non-binary,172.137.48.117
105,Diane,Tartt,dtartt2w@nba.com,Female,143.106.49.126
106,Lesli,Gimbart,lgimbart2x@cnbc.com,Agender,179.215.225.194
107,Stearne,Chillcot,schillcot2y@apple.com,Non-binary,152.202.136.31
108,Christie,Feldhammer,cfeldhammer2z@ehow.com,Polygender,184.150.26.195
109,Torrance,Wrinch,twrinch30@parallels.com,Female,98.95.183.181
110,Cathrin,Giordano,cgiordano31@ustream.tv,Genderqueer,221.163.131.99
111,Haydon,Balducci,hbalducci32@chronoengine.com,Female,16.87.210.185
112,Scott,Carlisle,scarlisle33@geocities.jp,Bigender,109.58.72.124
113,Lucais,Cumbers,lcumbers34@whitehouse.gov,Male,221.30.117.137
114,Finn,Bantham,fbantham35@g.co,Bigender,100.163.225.102
115,Morten,Piris,mpiris36@xrea.com,Genderfluid,28.34.166.124
116,Rutherford,Minett,rminett37@last.fm,Bigender,150.86.216.89
117,Lulu,Goldfinch,lgoldfinch38@youtu.be,Polygender,227.91.216.108
118,Alberta,McGinn,amcginn39@com.com,Bigender,126.248.252.141
119,Kelby,McQuarrie,kmcquarrie3a@de.vu,Polygender,240.159.248.39
120,Ilse,Kenn,ikenn3b@yellowbook.com,Genderfluid,60.181.62.3
121,Vivia,Swann,vswann3c@soup.io,Genderfluid,14.30.126.12
122,Gregorius,Blore,gblore3d@gizmodo.com,Genderfluid,91.235.155.168
123,Faye,Roney,froney3e@reddit.com,Genderfluid,97.36.233.223
124,Olivia,Clarricoates,oclarricoates3f@ted.com,Polygender,69.73.208.201
125,Eben,Empson,eempson3g@photobucket.com,Genderfluid,220.47.66.174
126,Rosmunda,Olufsen,rolufsen3h@deviantart.com,Agender,162.153.75.219
127,Berny,Nancekivell,bnancekivell3i@opensource.org,Polygender,102.157.232.167
128,Friedrick,Tilley,ftilley3j@ihg.com,Male,193.0.95.39
129,Agustin,Tambling,atambling3k@tinypic.com,Genderqueer,120.125.32.114
130,Frayda,Marlow,fmarlow3l@newyorker.com,Male,63.182.28.240
131,Jasper,Mahady,jmahady3m@issuu.com,Male,163.7.231.73
132,Pammie,De Ambrosis,pdeambrosis3n@whitehouse.gov,Non-binary,83.229.15.107
133,Bengt,Wiszniewski,bwiszniewski3o@sourceforge.net,Genderfluid,57.209.203.227
134,Etti,Hollow,ehollow3p@shareasale.com,Bigender,98.121.81.147
135,Eirena,Denekamp,edenekamp3q@ox.ac.uk,Non-binary,255.32.17.24
136,Seline,Scough,sscough3r@indiegogo.com,Bigender,175.102.97.207
137,Esma,Lownes,elownes3s@bluehost.com,Polygender,21.242.141.44
138,Carey,Jermyn,cjermyn3t@who.int,Bigender,102.87.114.60
139,Hermon,Duchan,hduchan3u@arstechnica.com,Non-binary,95.249.1.147
140,Rheba,Navein,rnavein3v@naver.com,Non-binary,18.141.26.211
141,Dallon,Biggin,dbiggin3w@disqus.com,Male,150.222.79.238
142,Alexine,Roon,aroon3x@chronoengine.com,Agender,96.95.216.211
143,Hewie,Judd,hjudd3y@latimes.com,Genderqueer,66.83.230.152
144,Kerianne,Bambridge,kbambridge3z@huffingtonpost.com,Female,130.170.128.54
145,Clem,Sargant,csargant40@ask.com,Genderqueer,254.237.146.26
146,Ruggiero,Deverale,rdeverale41@microsoft.com,Female,242.254.70.224
147,Aldo,MacFie,amacfie42@hao123.com,Genderfluid,127.15.75.1
148,Winny,Brevitt,wbrevitt43@geocities.jp,Genderqueer,78.128.110.15
149,Blaire,Gledhall,bgledhall44@pcworld.com,Bigender,192.144.41.171
150,Betty,Bodocs,bbodocs45@facebook.com,Genderfluid,224.223.99.255
151,Monti,Dunbleton,mdunbleton46@uol.com.br,Genderfluid,175.215.76.142
152,Ozzy,Gladbeck,ogladbeck47@cbslocal.com,Female,249.0.9.227
153,Hube,Johnsson,hjohnsson48@hao123.com,Non-binary,141.195.245.84
154,Roldan,Henstridge,rhenstridge49@sogou.com,Female,31.214.105.5
155,Alvan,Flooks,aflooks4a@webeden.co.uk,Bigender,236.114.204.50
156,Codee,Richardet,crichardet4b@buzzfeed.com,Genderfluid,162.210.86.62
157,Haily,Lafflin,hlafflin4c@dailymail.co.uk,Genderqueer,68.70.81.37
158,Mic,Lindell,mlindell4d@github.io,Genderfluid,31.154.96.192
159,Manny,Common,mcommon4e@example.com,Genderqueer,177.105.212.56
160,Germaine,Candlin,gcandlin4f@elpais.com,Non-binary,188.250.211.11
161,Rudd,Yurenin,ryurenin4g@timesonline.co.uk,Non-binary,182.246.66.142
162,Gar,Elms,gelms4h@wikispaces.com,Genderfluid,216.74.44.205
163,Johnathon,Leonida,jleonida4i@google.ru,Agender,30.178.172.106
164,Burnard,Macallam,bmacallam4j@theglobeandmail.com,Genderfluid,154.222.28.243
165,Abrahan,Anthoin,aanthoin4k@answers.com,Female,28.141.2.208
166,Tracy,McLevie,tmclevie4l@seattletimes.com,Genderfluid,16.165.152.47
167,Nadiya,Crombleholme,ncrombleholme4m@arstechnica.com,Male,93.155.100.207
168,Constance,Redfern,credfern4n@liveinternet.ru,Genderfluid,208.40.118.242
169,Cassy,Rodrigo,crodrigo4o@bizjournals.com,Non-binary,171.170.21.254
170,Fowler,Keyson,fkeyson4p@addthis.com,Male,21.179.70.48
171,Noll,Stoad,nstoad4q@jalbum.net,Agender,5.172.215.59
172,Stanly,Bloschke,sbloschke4r@aol.com,Female,138.95.240.89
173,Cedric,Higgoe,chiggoe4s@wisc.edu,Male,247.120.251.218
174,Shaina,Kleiser,skleiser4t@wix.com,Genderqueer,189.16.225.144
175,Cleavland,Petrasso,cpetrasso4u@oracle.com,Male,203.64.85.174
176,Frants,Buttle,fbuttle4v@fema.gov,Agender,15.245.120.230
177,Brnaba,MacCallister,bmaccallister4w@webeden.co.uk,Agender,212.63.150.175
178,Tanhya,Luchetti,tluchetti4x@slashdot.org,Bigender,81.250.247.34
179,Hailey,Thunderman,hthunderman4y@usnews.com,Polygender,13.185.200.216
180,Belva,Atling,batling4z@yellowbook.com,Non-binary,147.43.12.116
181,Lidia,Rugge,lrugge50@nyu.edu,Genderqueer,54.60.138.46
182,Lonnie,Battill,lbattill51@netlog.com,Genderqueer,13.7.210.203
183,Charlton,Carbery,ccarbery52@yelp.com,Female,185.196.65.240
184,Ermengarde,Courtois,ecourtois53@altervista.org,Non-binary,108.49.255.211
185,Aleda,Gilhooley,agilhooley54@wired.com,Polygender,87.229.194.26
186,Alfi,Woodwind,awoodwind55@biblegateway.com,Bigender,225.169.54.205
187,Vinnie,Jobke,vjobke56@dagondesign.com,Polygender,11.38.183.155
188,Dolly,Pymer,dpymer57@nymag.com,Female,60.96.219.218
189,Yasmin,Trytsman,ytrytsman58@bravesites.com,Non-binary,34.140.27.87
190,Mamie,Gookey,mgookey59@hexun.com,Bigender,202.75.100.216
191,Gordon,Kenion,gkenion5a@mapy.cz,Polygender,238.101.23.115
192,Elden,Fountaine,efountaine5b@themeforest.net,Non-binary,241.198.180.39
193,Cole,Laws,claws5c@ibm.com,Bigender,220.40.28.14
194,Marlene,Hassall,mhassall5d@technorati.com,Agender,250.106.161.208
195,Beverley,Northeast,bnortheast5e@wordpress.com,Agender,158.110.148.165
196,Regan,Sheen,rsheen5f@sitemeter.com,Non-binary,139.22.212.188
197,Gabbie,Templar,gtemplar5g@google.it,Genderqueer,179.162.46.86
198,Broderick,Dankov,bdankov5h@youku.com,Female,192.220.206.216
199,Roley,Ivanitsa,rivanitsa5i@hubpages.com,Bigender,136.157.154.223
200,Xylina,Noseworthy,xnoseworthy5j@go.com,Genderfluid,42.216.94.88
201,Eward,Hains,ehains5k@phpbb.com,Bigender,204.37.28.15
202,Robyn,Swancock,rswancock5l@imageshack.us,Non-binary,203.243.184.9
203,Jeannie,Tunnick,jtunnick5m@reuters.com,Male,209.150.73.213
204,Aimee,Ellse,aellse5n@mashable.com,Non-binary,11.153.151.35
205,Chaim,Morby,cmorby5o@xrea.com,Male,48.39.209.126
206,Cy,Di Biasi,cdibiasi5p@scribd.com,Female,179.49.110.76
207,Annmaria,Devonald,adevonald5q@canalblog.com,Non-binary,227.20.55.227
208,Alfons,Cranch,acranch5r@indiatimes.com,Genderfluid,5.25.228.86
209,Darell,Paffley,dpaffley5s@google.com.hk,Agender,178.86.147.32
210,Blake,Spadazzi,bspadazzi5t@berkeley.edu,Non-binary,46.73.153.35
211,Clemmy,Giovanizio,cgiovanizio5u@foxnews.com,Agender,208.231.49.170
212,Clarie,Jackways,cjackways5v@opera.com,Bigender,111.60.26.42
213,Adara,Matveyev,amatveyev5w@amazon.com,Female,139.181.125.75
214,Korry,Airey,kairey5x@disqus.com,Agender,12.66.218.61
215,Vincenty,Duxbury,vduxbury5y@privacy.gov.au,Genderfluid,160.202.65.37
216,Carilyn,Dax,cdax5z@ca.gov,Polygender,138.191.70.30
217,Cammy,Ripon,cripon60@mlb.com,Agender,237.115.112.110
218,Westbrook,Fewlass,wfewlass61@bluehost.com,Bigender,100.25.32.160
219,Cori,Etherington,cetherington62@yale.edu,Non-binary,19.254.190.51
220,Emelen,Sirette,esirette63@seesaa.net,Female,180.204.40.139
221,Pris,Jilliss,pjilliss64@vinaora.com,Polygender,101.39.65.127
222,Corrie,West,cwest65@house.gov,Bigender,168.140.243.103
223,Lorrie,Zanetto,lzanetto66@google.com.hk,Genderfluid,11.203.111.220
224,Agata,Castangia,acastangia67@answers.com,Agender,23.134.184.11
225,Peta,Donizeau,pdonizeau68@paypal.com,Genderqueer,201.26.70.68
226,Josefa,McDowell,jmcdowell69@ebay.co.uk,Non-binary,251.64.4.32
227,Barbara-anne,Greenrodd,bgreenrodd6a@diigo.com,Genderqueer,203.197.67.67
228,Peyter,Tixall,ptixall6b@umich.edu,Bigender,57.51.157.153
229,Orazio,Hawkeridge,ohawkeridge6c@google.fr,Bigender,231.249.56.160
230,Winne,Whitmore,wwhitmore6d@princeton.edu,Female,41.199.110.179
231,Kimberli,Bartoszewski,kbartoszewski6e@pinterest.com,Male,225.65.184.224
232,Lotta,Orritt,lorritt6f@miitbeian.gov.cn,Female,169.227.3.228
233,Wilfrid,Noble,wnoble6g@xrea.com,Bigender,194.156.136.166
234,Dennie,Lidgely,dlidgely6h@oaic.gov.au,Genderqueer,12.107.25.105
235,Bucky,Couzens,bcouzens6i@smugmug.com,Agender,162.128.156.69
236,Chico,Battany,cbattany6j@discuz.net,Bigender,13.32.76.198
237,Ramsay,Fryer,rfryer6k@acquirethisname.com,Male,162.2.252.96
238,Romain,Millichap,rmillichap6l@accuweather.com,Bigender,52.174.49.198
239,Clarette,Valentin,cvalentin6m@senate.gov,Genderfluid,229.239.24.233
240,Vladimir,Haruard,vharuard6n@ft.com,Polygender,193.76.67.135
241,Aleksandr,Ladel,aladel6o@freewebs.com,Bigender,197.204.58.89
242,Carlin,Persse,cpersse6p@newsvine.com,Female,233.123.185.253
243,Fawnia,Ivashnyov,fivashnyov6q@apple.com,Genderfluid,29.62.159.30
244,Royall,Middlebrook,rmiddlebrook6r@slideshare.net,Female,14.71.213.58
245,Steven,Mussetti,smussetti6s@google.pl,Genderqueer,45.220.37.89
246,Samuel,Benoiton,sbenoiton6t@furl.net,Male,110.59.133.30
247,Cody,Vallance,cvallance6u@cnet.com,Genderqueer,111.239.78.1
248,Dorian,Campos,dcampos6v@statcounter.com,Genderfluid,199.250.242.109
249,Marja,Tunney,mtunney6w@hhs.gov,Polygender,3.41.33.246
250,Tait,Milillo,tmilillo6x@ucoz.ru,Genderfluid,239.13.35.110
251,Suzie,Wooffitt,swooffitt6y@google.it,Bigender,164.47.1.210
252,Vonni,Coolson,vcoolson6z@vinaora.com,Non-binary,75.158.74.229
253,Perri,Pither,ppither70@imageshack.us,Non-binary,212.93.155.105
254,Rodolfo,Johananov,rjohananov71@google.it,Male,49.127.3.199
255,Eddy,Spowart,espowart72@unicef.org,Non-binary,59.211.54.172
256,Jack,Shaul,jshaul73@furl.net,Bigender,38.69.52.8
257,Ailis,Sammons,asammons74@joomla.org,Polygender,196.136.124.213
258,Marcela,Gavigan,mgavigan75@thetimes.co.uk,Non-binary,144.68.136.241
259,Valina,Konertz,vkonertz76@pbs.org,Male,244.140.71.197
260,Staford,Sapwell,ssapwell77@census.gov,Agender,49.77.74.202
261,Saxon,Buckthorp,sbuckthorp78@ucoz.ru,Bigender,150.12.209.53
262,Janka,Kennelly,jkennelly79@wikia.com,Male,177.30.58.235
263,Lissi,Astling,lastling7a@upenn.edu,Bigender,32.170.9.87
264,Rhett,Slight,rslight7b@shop-pro.jp,Male,105.33.58.206
265,Jonathon,Cauthra,jcauthra7c@ifeng.com,Male,145.51.47.125
266,Alina,Battersby,abattersby7d@123-reg.co.uk,Male,84.62.42.146
267,Carlynn,Falck,cfalck7e@lulu.com,Agender,148.21.0.30
268,Max,Plevey,mplevey7f@geocities.com,Bigender,58.234.71.100
269,Gianni,Faas,gfaas7g@netvibes.com,Non-binary,140.15.18.96
270,Val,Assaf,vassaf7h@com.com,Bigender,117.102.99.252
271,Nikoletta,Shoosmith,nshoosmith7i@newyorker.com,Agender,213.165.106.238
272,Leontyne,OIlier,loilier7j@nytimes.com,Polygender,159.221.130.108
273,Haroun,Lysons,hlysons7k@cbsnews.com,Polygender,84.154.152.228
274,Wolfy,Bills,wbills7l@wisc.edu,Agender,9.109.207.18
275,Kerry,Jansson,kjansson7m@g.co,Female,115.23.77.22
276,Leontine,Greenlies,lgreenlies7n@nhs.uk,Female,127.209.38.236
277,Selinda,Kibby,skibby7o@upenn.edu,Non-binary,25.2.252.109
278,Ulrica,Trehearne,utrehearne7p@admin.ch,Agender,109.165.218.135
279,Rubin,Spuner,rspuner7q@cisco.com,Bigender,67.41.120.111
280,Stanly,Jarvis,sjarvis7r@sohu.com,Bigender,184.173.62.33
281,Annmarie,Clulee,aclulee7s@ftc.gov,Agender,104.255.21.156
282,Sophie,Dobbins,sdobbins7t@prnewswire.com,Male,177.212.248.130
283,Meryl,Fairburn,mfairburn7u@google.co.uk,Bigender,163.135.66.237
284,Elysee,Ovell,eovell7v@seattletimes.com,Genderqueer,213.213.150.192
285,Sly,Busher,sbusher7w@mapquest.com,Genderfluid,112.175.177.116
286,Laraine,Doxsey,ldoxsey7x@squarespace.com,Bigender,193.137.251.229
287,Germaine,Sillett,gsillett7y@nba.com,Genderfluid,40.151.153.52
288,Athena,Rudsdell,arudsdell7z@sphinn.com,Genderfluid,175.20.108.129
289,Phyllys,Manvell,pmanvell80@state.tx.us,Male,94.219.209.172
290,Benoite,Whaley,bwhaley81@rediff.com,Bigender,250.189.90.122
291,Cathrine,Vickress,cvickress82@nsw.gov.au,Male,103.35.103.36
292,Shandee,Rhule,srhule83@paypal.com,Genderfluid,28.95.175.39
293,Vidovic,Antosik,vantosik84@devhub.com,Male,150.172.129.159
294,Vinni,Purrier,vpurrier85@histats.com,Agender,245.16.2.115
295,Nikolai,Haensel,nhaensel86@gov.uk,Polygender,34.203.172.208
296,Johnathan,Marconi,jmarconi87@mayoclinic.com,Agender,45.152.175.58
297,Hillary,Maidstone,hmaidstone88@techcrunch.com,Male,78.75.171.177
298,Kevon,Slidders,kslidders89@thetimes.co.uk,Non-binary,133.224.47.159
299,Gwenni,Dudney,gdudney8a@chron.com,Agender,168.67.13.104
300,Ginger,Morewood,gmorewood8b@w3.org,Non-binary,44.153.74.166
301,Abraham,Ivashchenko,aivashchenko8c@cbsnews.com,Bigender,162.25.231.67
302,Yardley,Courvert,ycourvert8d@reference.com,Male,187.39.68.201
303,Valry,Munslow,vmunslow8e@toplist.cz,Genderfluid,112.226.139.50
304,Ellwood,Brouncker,ebrouncker8f@dropbox.com,Female,217.29.191.70
305,Lola,Mc Ilory,lmcilory8g@dropbox.com,Agender,63.205.43.197
306,Drona,Shakesbye,dshakesbye8h@oaic.gov.au,Polygender,30.241.153.196
307,Richmond,Larway,rlarway8i@google.com.br,Polygender,51.79.112.201
308,Lou,Kerner,lkerner8j@home.pl,Male,79.39.102.127
309,Pegeen,Yeandel,pyeandel8k@oaic.gov.au,Genderqueer,60.90.93.186
310,Jeralee,Shieber,jshieber8l@rakuten.co.jp,Genderfluid,223.142.95.130
311,Helenelizabeth,Sallinger,hsallinger8m@issuu.com,Genderfluid,37.140.34.19
312,Thelma,Barbour,tbarbour8n@purevolume.com,Bigender,233.222.225.194
313,Colby,Dymocke,cdymocke8o@hp.com,Genderqueer,203.197.203.35
314,Morry,Ambrogelli,mambrogelli8p@amazon.com,Polygender,129.223.195.3
315,Halsy,McDonough,hmcdonough8q@google.fr,Agender,134.255.241.167
316,Tildi,Bamborough,tbamborough8r@bloglines.com,Genderqueer,86.37.245.145
317,Fiann,Darey,fdarey8s@pagesperso-orange.fr,Genderfluid,239.22.181.31
318,Jandy,Blazynski,jblazynski8t@upenn.edu,Female,187.215.217.253
319,Ira,Bauer,ibauer8u@freewebs.com,Polygender,149.86.91.227
320,Osbourne,Carroll,ocarroll8v@goo.gl,Polygender,217.22.91.198
321,Thia,Ernke,ternke8w@mapy.cz,Male,87.117.220.220
322,Arnoldo,Kraut,akraut8x@skype.com,Female,203.7.165.10
323,Elsbeth,Presnell,epresnell8y@psu.edu,Male,161.198.4.199
324,Roseline,Betton,rbetton8z@marketwatch.com,Genderfluid,23.249.108.42
325,Valentine,Carrabot,vcarrabot90@sohu.com,Female,103.202.53.212
326,Virginie,Barzen,vbarzen91@icio.us,Genderfluid,99.63.183.245
327,Cly,Fodden,cfodden92@yellowpages.com,Polygender,26.236.249.214
328,Georges,Crinage,gcrinage93@unc.edu,Genderfluid,139.163.6.132
329,Cal,Zapater,czapater94@shinystat.com,Genderfluid,254.212.166.18
330,Karry,Shinner,kshinner95@homestead.com,Agender,230.171.112.0
331,Gwyneth,Gregolotti,ggregolotti96@nih.gov,Polygender,214.173.101.174
332,Sawyere,Duggon,sduggon97@auda.org.au,Male,156.120.71.11
333,Elroy,Casolla,ecasolla98@pagesperso-orange.fr,Non-binary,254.223.3.113
334,Fielding,Bourget,fbourget99@wp.com,Bigender,18.169.0.194
335,Faina,Waller,fwaller9a@chicagotribune.com,Bigender,176.9.86.252
336,Lilli,Cristofori,lcristofori9b@disqus.com,Female,238.228.73.91
337,Correy,Attoc,cattoc9c@un.org,Polygender,183.4.131.159
338,Abbie,Bracchi,abracchi9d@linkedin.com,Polygender,30.115.173.223
339,Jobyna,Bernadon,jbernadon9e@reddit.com,Male,16.32.167.178
340,Sharon,Sharphurst,ssharphurst9f@sina.com.cn,Bigender,206.135.243.60
341,Aubrie,Gibbons,agibbons9g@si.edu,Polygender,43.79.173.255
342,Carrissa,Naul,cnaul9h@ed.gov,Genderfluid,226.210.90.69
343,Edd,Bangs,ebangs9i@youtube.com,Genderfluid,126.42.63.118
344,Doris,Maillard,dmaillard9j@phpbb.com,Bigender,52.47.17.101
345,Darn,Strowger,dstrowger9k@yolasite.com,Bigender,26.247.14.245
346,Noami,Bartels-Ellis,nbartelsellis9l@sbwire.com,Genderqueer,12.88.180.65
347,Deidre,Piddle,dpiddle9m@godaddy.com,Polygender,103.171.58.50
348,Hamid,Burnyate,hburnyate9n@lycos.com,Genderfluid,91.147.188.144
349,Everett,Guite,eguite9o@slideshare.net,Genderqueer,154.119.231.96
350,Lou,Ibarra,libarra9p@irs.gov,Genderqueer,39.176.101.166
351,Indira,Knipe,iknipe9q@sun.com,Polygender,115.254.65.192
352,Nalani,Salleir,nsalleir9r@earthlink.net,Genderfluid,28.30.155.182
353,Batholomew,Garnam,bgarnam9s@aol.com,Agender,57.30.218.131
354,Merill,Yeskin,myeskin9t@mapy.cz,Bigender,16.80.124.147
355,Andy,Workes,aworkes9u@pen.io,Genderfluid,49.224.167.226
356,Ronni,Rait,rrait9v@answers.com,Female,28.189.101.46
357,Annemarie,Huggen,ahuggen9w@twitpic.com,Agender,28.89.148.165
358,Sanderson,Quinsee,squinsee9x@diigo.com,Female,96.55.154.202
359,Ronald,Shearman,rshearman9y@hao123.com,Polygender,167.182.32.249
360,Ramsay,Kubala,rkubala9z@gnu.org,Agender,150.201.8.45
361,Loralie,Follacaro,lfollacaroa0@booking.com,Female,252.202.45.11
362,Baily,Storrock,bstorrocka1@friendfeed.com,Non-binary,242.176.187.16
363,Candice,Soots,csootsa2@w3.org,Male,143.255.138.28
364,Anatollo,Rubberts,arubbertsa3@e-recht24.de,Polygender,85.247.196.74
365,Lynn,Ormes,lormesa4@businesswire.com,Polygender,107.244.254.186
366,Alana,Rickson,aricksona5@cyberchimps.com,Bigender,223.56.200.182
367,Heidi,Garm,hgarma6@economist.com,Genderfluid,215.189.5.102
368,Joelle,Capelen,jcapelena7@eventbrite.com,Agender,65.82.77.149
369,Lila,O'Shaughnessy,loshaughnessya8@ustream.tv,Female,107.166.188.37
370,Vivienne,Gitting,vgittinga9@whitehouse.gov,Genderfluid,109.206.85.139
371,Ailey,Vanyarkin,avanyarkinaa@liveinternet.ru,Female,220.178.48.23
372,Sasha,Roloff,sroloffab@t.co,Agender,149.50.56.137
373,Dannie,Ivain,divainac@fda.gov,Non-binary,76.92.121.237
374,Caressa,Clelland,cclellandad@phoca.cz,Female,240.210.64.29
375,Stefania,Ames,samesae@nyu.edu,Male,100.31.68.117
376,Aloin,Durbyn,adurbynaf@multiply.com,Polygender,245.172.176.250
377,Emmye,Markovich,emarkovichag@bbc.co.uk,Agender,37.245.33.212
378,Cherise,Meeus,cmeeusah@stumbleupon.com,Genderfluid,72.175.139.125
379,Wynn,Winchester,wwinchesterai@free.fr,Polygender,170.77.157.139
380,Arty,Talman,atalmanaj@patch.com,Polygender,246.83.125.168
381,Cliff,Sabati,csabatiak@de.vu,Genderqueer,72.12.219.89
382,Helena,Elener,heleneral@qq.com,Bigender,255.215.207.217
383,Elisabet,Debell,edebellam@etsy.com,Genderqueer,5.196.57.76
384,Bryna,Giorgielli,bgiorgiellian@harvard.edu,Genderqueer,38.171.165.74
385,Bab,Kassidy,bkassidyao@scribd.com,Genderqueer,204.85.17.166
386,Isidro,Batchelor,ibatchelorap@moonfruit.com,Polygender,3.242.143.8
387,Lolita,Gerbi,lgerbiaq@cmu.edu,Polygender,95.190.26.175
388,Ashleigh,Fuge,afugear@so-net.ne.jp,Polygender,228.101.155.88
389,Brod,Creegan,bcreeganas@prlog.org,Female,7.121.27.205
390,Angie,Creigan,acreiganat@hao123.com,Agender,1.208.208.204
391,Gerek,Merill,gmerillau@wordpress.com,Bigender,208.105.39.20
392,Godfry,Armistead,garmisteadav@dailymail.co.uk,Male,236.63.187.86
393,Sergei,Suarez,ssuarezaw@cloudflare.com,Female,209.93.22.144
394,Calhoun,Povlsen,cpovlsenax@last.fm,Polygender,134.3.83.207
395,Dorothy,Bortolini,dbortoliniay@seattletimes.com,Genderfluid,33.230.174.64
396,King,Dole,kdoleaz@surveymonkey.com,Genderfluid,95.255.227.174
397,Vick,Strudwick,vstrudwickb0@surveymonkey.com,Bigender,63.166.219.2
398,Elnore,Twamley,etwamleyb1@china.com.cn,Bigender,81.196.4.9
399,Ashleigh,Clemson,aclemsonb2@soundcloud.com,Genderqueer,215.115.44.140
400,Tremain,Airdrie,tairdrieb3@cbc.ca,Non-binary,219.247.107.193
401,Bernette,Veque,bvequeb4@wp.com,Male,85.10.190.126
402,Celle,Hofner,chofnerb5@exblog.jp,Female,60.173.156.23
403,Grantley,Sallowaye,gsallowayeb6@census.gov,Genderfluid,201.167.232.14
404,Susanna,Damiata,sdamiatab7@unicef.org,Agender,229.29.118.187
405,Susie,Goldup,sgoldupb8@bluehost.com,Polygender,152.117.129.235
406,Jeanne,Lorek,jlorekb9@wufoo.com,Genderfluid,85.253.132.184
407,Leicester,Randales,lrandalesba@prlog.org,Male,54.217.62.28
408,Vevay,Paulton,vpaultonbb@meetup.com,Non-binary,151.22.182.98
409,Roy,Robotham,rrobothambc@latimes.com,Bigender,223.134.142.228
410,Caresse,Codling,ccodlingbd@infoseek.co.jp,Female,197.37.231.30
411,Mathew,Simms,msimmsbe@phoca.cz,Polygender,255.150.181.35
412,Olly,Halls,ohallsbf@netvibes.com,Agender,43.235.100.183
413,Aile,Jaskiewicz,ajaskiewiczbg@about.com,Genderfluid,246.44.3.193
414,Izzy,Lamplough,ilamploughbh@cyberchimps.com,Genderfluid,23.87.134.23
415,Zorina,Cheeld,zcheeldbi@washingtonpost.com,Polygender,75.12.54.125
416,Mallory,Tidey,mtideybj@patch.com,Male,134.92.248.82
417,Timotheus,Cosely,tcoselybk@geocities.com,Bigender,56.125.79.198
418,Karena,Dyball,kdyballbl@dagondesign.com,Genderqueer,168.240.16.188
419,Ailene,Reach,areachbm@fema.gov,Bigender,144.227.46.53
420,Romonda,Leicester,rleicesterbn@1und1.de,Non-binary,246.108.118.151
421,Hanna,Searles,hsearlesbo@deviantart.com,Male,173.107.82.138
422,Zach,Cornall,zcornallbp@hp.com,Female,6.14.239.63
423,Pebrook,Kienzle,pkienzlebq@rambler.ru,Bigender,19.243.161.208
424,Phip,Prys,pprysbr@xinhuanet.com,Male,223.144.176.128
425,Courtnay,Scraney,cscraneybs@instagram.com,Genderfluid,104.50.23.128
426,Boothe,Durbin,bdurbinbt@lycos.com,Non-binary,189.3.218.145
427,Chandler,Chasier,cchasierbu@ebay.co.uk,Genderqueer,182.12.115.244
428,Ralina,Lemoir,rlemoirbv@aol.com,Genderqueer,229.58.45.62
429,Dore,Morey,dmoreybw@360.cn,Genderqueer,24.198.139.157
430,Hew,Westhead,hwestheadbx@pen.io,Bigender,33.196.208.109
431,Jordon,Lamers,jlamersby@tmall.com,Female,165.37.212.143
432,Teddi,Whitcomb,twhitcombbz@netscape.com,Male,71.24.191.99
433,Clywd,Lindwall,clindwallc0@dedecms.com,Genderqueer,44.110.172.223
434,Andros,Claypoole,aclaypoolec1@jalbum.net,Female,176.231.168.72
435,Carmelina,Gorriessen,cgorriessenc2@dot.gov,Polygender,180.21.229.48
436,Lionello,Casebourne,lcasebournec3@upenn.edu,Bigender,166.150.183.160
437,Sallie,Puttock,sputtockc4@mozilla.com,Genderfluid,215.16.113.162
438,Lauralee,Lafond,llafondc5@noaa.gov,Agender,96.216.98.222
439,Carole,Lingard,clingardc6@ask.com,Bigender,23.71.167.206
440,Yul,Brennan,ybrennanc7@bravesites.com,Genderqueer,88.87.99.23
441,Margalo,Genthner,mgenthnerc8@qq.com,Genderfluid,116.10.51.85
442,Verne,Saberton,vsabertonc9@e-recht24.de,Polygender,209.197.175.102
443,Yelena,Jaffrey,yjaffreyca@oaic.gov.au,Non-binary,211.217.203.191
444,Rica,Matley,rmatleycb@liveinternet.ru,Genderfluid,130.252.222.43
445,Kerr,Budgett,kbudgettcc@merriam-webster.com,Bigender,239.254.198.230
446,Willie,Dalgety,wdalgetycd@printfriendly.com,Agender,63.6.89.240
447,Marlowe,O'Lennane,molennanece@imdb.com,Agender,222.122.91.185
448,Gaye,Merriday,gmerridaycf@mapy.cz,Agender,200.242.213.83
449,Claresta,Palfree,cpalfreecg@illinois.edu,Genderqueer,36.146.66.65
450,Sansone,Matveiko,smatveikoch@google.com.hk,Genderfluid,207.144.78.164
451,Issi,Jehu,ijehuci@harvard.edu,Genderfluid,68.53.93.68
452,Titus,Fawdery,tfawderycj@edublogs.org,Male,92.187.174.231
453,Edee,Hasser,ehasserck@ning.com,Genderfluid,214.79.220.132
454,Billie,Boobier,bboobiercl@miitbeian.gov.cn,Female,130.103.229.59
455,Jonis,Brind,jbrindcm@ucoz.com,Polygender,69.56.67.105
456,Sandye,Climie,sclimiecn@sbwire.com,Agender,254.45.82.57
457,Maryjane,Kibblewhite,mkibblewhiteco@bandcamp.com,Genderfluid,146.98.20.177
458,Mason,Ryton,mrytoncp@europa.eu,Genderfluid,135.59.66.189
459,Karrie,Condict,kcondictcq@mtv.com,Female,163.248.86.247
460,Harlie,D'Angeli,hdangelicr@bizjournals.com,Polygender,228.88.227.187
461,Pieter,Ream,preamcs@scribd.com,Non-binary,144.100.33.173
462,Rhodie,Feaviour,rfeaviourct@vk.com,Agender,130.81.32.200
463,Benito,Shailer,bshailercu@census.gov,Polygender,160.49.82.1
464,Alaster,Tressler,atresslercv@netscape.com,Female,38.21.222.186
465,Rosanna,Culvey,rculveycw@jiathis.com,Agender,33.35.45.27
466,Rachelle,Huish,rhuishcx@accuweather.com,Genderqueer,8.13.225.45
467,Kissiah,Malham,kmalhamcy@alibaba.com,Agender,63.21.169.0
468,Inga,Marages,imaragescz@mashable.com,Genderfluid,172.88.75.34
469,Vina,Measures,vmeasuresd0@xing.com,Genderqueer,182.116.20.168
470,Nicholas,Pardie,npardied1@rambler.ru,Male,172.170.85.127
471,Garv,Stubs,gstubsd2@jalbum.net,Genderqueer,116.124.65.84
472,Ranee,Hearst,rhearstd3@kickstarter.com,Male,95.104.88.69
473,Annabelle,Gollard,agollardd4@usda.gov,Polygender,11.0.138.45
474,Martguerita,MacCollom,mmaccollomd5@jugem.jp,Agender,174.11.225.124
475,Harry,Manon,hmanond6@smh.com.au,Genderfluid,8.22.254.115
476,Keelia,Francesc,kfrancescd7@google.it,Male,84.215.103.49
477,Horten,Batistelli,hbatistellid8@example.com,Male,221.190.100.240
478,Kassia,Ditty,kdittyd9@jigsy.com,Genderfluid,126.51.160.156
479,Dulcine,Danielczyk,ddanielczykda@woothemes.com,Genderfluid,112.55.151.10
480,Leta,Ochiltree,lochiltreedb@desdev.cn,Non-binary,147.211.152.83
481,Hilliary,Deveral,hdeveraldc@sogou.com,Non-binary,101.85.89.224
482,Mindy,Syphus,msyphusdd@discuz.net,Genderfluid,221.27.70.220
483,Corissa,Moncur,cmoncurde@washington.edu,Female,39.41.84.53
484,Elmore,Mossbee,emossbeedf@pbs.org,Agender,135.31.213.8
485,Meade,Wallege,mwallegedg@symantec.com,Bigender,139.63.127.189
486,Tressa,Forrester,tforresterdh@lycos.com,Genderqueer,127.102.28.30
487,Reese,Dampier,rdampierdi@phpbb.com,Genderfluid,204.3.231.113
488,Desirae,Farnhill,dfarnhilldj@macromedia.com,Agender,197.47.19.102
489,Dody,Topp,dtoppdk@about.me,Polygender,108.17.187.58
490,Fabien,Brabbins,fbrabbinsdl@howstuffworks.com,Male,108.74.104.204
491,Merl,Suddaby,msuddabydm@unesco.org,Genderqueer,90.41.12.30
492,Odelinda,Wennington,owenningtondn@techcrunch.com,Bigender,78.48.213.207
493,Sherwin,Ganter,sganterdo@parallels.com,Agender,154.129.132.139
494,Pascal,Beldon,pbeldondp@diigo.com,Male,179.83.2.145
495,Nehemiah,De Maine,ndemainedq@discuz.net,Polygender,175.157.16.9
496,Chico,Pawsey,cpawseydr@webnode.com,Agender,72.132.178.79
497,Jere,Ivasechko,jivasechkods@redcross.org,Bigender,20.78.138.249
498,Darryl,Raywood,draywooddt@utexas.edu,Bigender,111.63.224.104
499,Patrice,Bumpass,pbumpassdu@nhs.uk,Male,167.136.48.82
500,Sauveur,Fuggle,sfuggledv@imgur.com,Female,144.178.206.227
501,Gabbi,Trank,gtrankdw@army.mil,Female,73.77.207.107
502,Quinton,Duinkerk,qduinkerkdx@earthlink.net,Polygender,193.133.177.24
503,Arlene,Aberkirdo,aaberkirdody@icio.us,Non-binary,202.218.251.168
504,Valentine,Faas,vfaasdz@bluehost.com,Genderfluid,66.57.230.110
505,Emmy,McFadzean,emcfadzeane0@huffingtonpost.com,Agender,29.86.182.61
506,Darda,Annott,dannotte1@shinystat.com,Genderfluid,192.106.41.111
507,Brandi,Flicker,bflickere2@oakley.com,Female,161.36.181.235
508,Lindsey,De Brett,ldebrette3@msn.com,Non-binary,93.146.179.170
509,Alasteir,Scalia,ascaliae4@bloglines.com,Genderfluid,35.189.230.217
510,Gawain,Clewes,gclewese5@people.com.cn,Male,236.91.77.90
511,Hewett,Macguire,hmacguiree6@bloomberg.com,Male,135.221.178.50
512,Algernon,Gilks,agilkse7@dagondesign.com,Genderfluid,138.39.175.224
513,Madel,Ricioppo,mricioppoe8@discuz.net,Agender,5.218.185.170
514,Clemence,Suter,csutere9@mozilla.com,Male,77.233.252.100
515,Karola,Grafom,kgrafomea@vkontakte.ru,Non-binary,13.190.204.25
516,Lazare,Couling,lcoulingeb@github.io,Female,156.145.252.67
517,Dallas,Veryard,dveryardec@diigo.com,Genderqueer,140.44.188.52
518,Thorsten,Canete,tcaneteed@forbes.com,Non-binary,97.150.174.109
519,Sky,Do Rosario,sdorosarioee@php.net,Genderfluid,43.80.222.88
520,Dulcie,Caulket,dcaulketef@theglobeandmail.com,Bigender,3.147.189.155
521,Elna,Mackin,emackineg@state.gov,Polygender,105.231.165.217
522,Liva,Jenckes,ljenckeseh@xinhuanet.com,Non-binary,147.14.115.84
523,Sigvard,Sparks,ssparksei@ibm.com,Male,215.121.173.122
524,Seward,Cockitt,scockittej@time.com,Genderqueer,197.125.199.238
525,Maurine,Freebury,mfreeburyek@stumbleupon.com,Agender,158.87.129.193
526,Tyrone,Hayers,thayersel@ucoz.com,Genderfluid,7.162.100.157
527,Donaugh,Penna,dpennaem@abc.net.au,Non-binary,134.29.211.132
528,Ania,Austen,aaustenen@altervista.org,Genderfluid,3.92.62.148
529,Alecia,Jager,ajagereo@buzzfeed.com,Genderqueer,19.225.82.110
530,Janaye,Harrismith,jharrismithep@narod.ru,Female,240.168.71.223
531,Bambi,Mangon,bmangoneq@weather.com,Non-binary,181.231.128.132
532,Ignacio,Eggle,ieggleer@tinyurl.com,Polygender,236.155.115.166
533,Gregorio,Goodanew,ggoodanewes@symantec.com,Non-binary,69.12.38.11
534,Norman,Consadine,nconsadineet@networksolutions.com,Male,18.164.212.188
535,Kathi,Chasteau,kchasteaueu@themeforest.net,Male,171.31.210.69
536,Pauletta,Ferrone,pferroneev@unicef.org,Male,106.54.143.4
537,Clari,Vynehall,cvynehallew@usda.gov,Polygender,68.67.245.228
538,Clemmie,Popping,cpoppingex@netlog.com,Genderfluid,55.200.102.95
539,Nat,Stoven,nstoveney@webs.com,Genderfluid,180.101.217.53
540,Breanne,Brinkley,bbrinkleyez@com.com,Non-binary,148.164.5.213
541,Jose,Danko,jdankof0@usa.gov,Agender,202.196.101.217
542,Barnebas,Kroch,bkrochf1@oracle.com,Female,172.78.21.38
543,Madalyn,Leamon,mleamonf2@wikia.com,Genderqueer,215.57.146.0
544,Faina,Yanuk,fyanukf3@liveinternet.ru,Polygender,201.54.163.84
545,Heddie,Gallelli,hgallellif4@about.me,Female,192.107.30.240
546,Ashlee,Pietrzyk,apietrzykf5@wikia.com,Non-binary,6.58.8.153
547,Glyn,Conew,gconewf6@home.pl,Male,226.148.250.31
548,Nissie,Witherbed,nwitherbedf7@tripadvisor.com,Polygender,10.226.253.72
549,Thaddeus,de Marco,tdemarcof8@ca.gov,Bigender,94.255.145.117
550,Amberly,Persse,aperssef9@discovery.com,Bigender,116.161.75.156
551,Arnold,Normanton,anormantonfa@sfgate.com,Non-binary,55.7.121.110
552,Godard,Hallsworth,ghallsworthfb@lycos.com,Genderfluid,238.71.214.245
553,Morrie,Pitherick,mpitherickfc@prweb.com,Bigender,76.27.87.209
554,Lonnie,Tripney,ltripneyfd@mysql.com,Female,215.162.220.166
555,Hastie,Buie,hbuiefe@ameblo.jp,Agender,4.169.54.147
556,Lil,Triplet,ltripletff@gnu.org,Genderfluid,194.245.154.95
557,Klarrisa,Greenig,kgreenigfg@newsvine.com,Male,96.152.105.115
558,Angel,McRavey,amcraveyfh@people.com.cn,Female,37.194.104.177
559,Tracy,Argente,targentefi@reddit.com,Female,157.150.8.242
560,Elinore,Kohnemann,ekohnemannfj@ucsd.edu,Female,90.42.17.245
561,Fredi,Newson,fnewsonfk@unicef.org,Male,72.116.237.117
562,Lammond,Lotze,llotzefl@google.co.jp,Genderfluid,128.61.155.8
563,Lindsy,Mattiato,lmattiatofm@oaic.gov.au,Genderfluid,163.198.110.184
564,Simmonds,Buston,sbustonfn@ucoz.com,Bigender,24.108.126.150
565,Arie,Vorley,avorleyfo@multiply.com,Polygender,81.207.34.179
566,Jephthah,Court,jcourtfp@discovery.com,Polygender,208.109.138.94
567,Brien,Pirouet,bpirouetfq@berkeley.edu,Genderqueer,123.198.133.100
568,Alisha,Reeder,areederfr@wordpress.org,Genderqueer,198.196.143.6
569,Keen,McIver,kmciverfs@icio.us,Female,85.82.222.0
570,Shanda,Woolatt,swoolattft@privacy.gov.au,Bigender,109.168.33.201
571,Michel,Bane,mbanefu@nifty.com,Polygender,224.158.121.80
572,Modestia,Fossick,mfossickfv@marriott.com,Agender,128.232.101.189
573,Kaja,Battersby,kbattersbyfw@sphinn.com,Female,127.73.227.14
574,Logan,Gatland,lgatlandfx@ibm.com,Agender,116.211.83.72
575,Cari,Gannan,cgannanfy@yellowpages.com,Genderqueer,178.185.97.58
576,Pauline,Conibeer,pconibeerfz@ustream.tv,Agender,235.5.98.180
577,Freeman,Keggins,fkegginsg0@dot.gov,Genderfluid,76.206.39.143
578,Bernadine,Clemenzi,bclemenzig1@china.com.cn,Genderfluid,72.181.74.171
579,Hilario,Fugere,hfugereg2@blogs.com,Non-binary,177.239.165.20
580,Darb,Chitter,dchitterg3@yellowpages.com,Bigender,155.175.95.8
581,Penelopa,Isaak,pisaakg4@artisteer.com,Bigender,137.89.83.223
582,Rhodia,Paffitt,rpaffittg5@discovery.com,Non-binary,160.98.83.254
583,Lauraine,Nulty,lnultyg6@networkadvertising.org,Bigender,64.71.176.70
584,Kelley,Boothebie,kboothebieg7@hexun.com,Non-binary,155.151.215.131
585,Tabby,Feldharker,tfeldharkerg8@e-recht24.de,Polygender,206.178.208.99
586,Chrisy,Stonuary,cstonuaryg9@mit.edu,Female,195.189.4.243
587,Dennie,Sighard,dsighardga@list-manage.com,Male,143.79.157.91
588,Abraham,Jealous,ajealousgb@techcrunch.com,Genderfluid,89.216.213.11
589,Lorenzo,Sherlock,lsherlockgc@vkontakte.ru,Genderqueer,199.182.146.14
590,Halimeda,Klimko,hklimkogd@weather.com,Polygender,203.215.219.99
591,Ginni,Streather,gstreatherge@e-recht24.de,Agender,146.106.129.187
592,Desdemona,Edmeades,dedmeadesgf@bbc.co.uk,Bigender,226.81.108.47
593,Bondie,Barnsdall,bbarnsdallgg@yelp.com,Male,248.14.109.82
594,Bernardina,Assante,bassantegh@edublogs.org,Polygender,103.8.89.132
595,Olenolin,Paulusch,opauluschgi@webeden.co.uk,Polygender,32.175.134.250
596,Babbette,Foran,bforangj@weather.com,Male,57.193.144.54
597,Krisha,Haycock,khaycockgk@epa.gov,Bigender,59.108.11.133
598,Thorstein,Bentjens,tbentjensgl@utexas.edu,Bigender,196.242.194.108
599,Emmy,Grime,egrimegm@topsy.com,Agender,20.152.140.75
600,Fredek,Gueinn,fgueinngn@admin.ch,Female,7.31.123.27
601,Emmanuel,Sone,esonego@hibu.com,Non-binary,38.124.179.86
602,Cristin,Kenchington,ckenchingtongp@ed.gov,Female,144.95.176.75
603,Anthiathia,Wotton,awottongq@weebly.com,Bigender,81.163.106.130
604,Maighdiln,Minithorpe,mminithorpegr@dailymotion.com,Bigender,152.7.126.187
605,Kikelia,Dennick,kdennickgs@elpais.com,Female,57.75.221.239
606,Cheryl,Younge,cyoungegt@bigcartel.com,Genderqueer,157.148.157.101
607,Robbin,Cumbers,rcumbersgu@biglobe.ne.jp,Genderfluid,248.198.19.10
608,Blayne,Maurice,bmauricegv@dailymotion.com,Agender,70.184.208.89
609,Benedetto,Gillitt,bgillittgw@ebay.com,Genderfluid,115.111.50.122
610,Cherida,Blamey,cblameygx@spiegel.de,Genderqueer,223.18.107.40
611,Tatum,Laxe,tlaxegy@sohu.com,Genderqueer,34.179.179.192
612,Averill,Ginger,agingergz@linkedin.com,Polygender,242.91.51.147
613,Horatius,Welbeck,hwelbeckh0@bloglovin.com,Non-binary,150.154.36.216
614,Tracey,De Domenici,tdedomenicih1@bloglovin.com,Male,220.218.139.163
615,Griselda,Le Guin,gleguinh2@fotki.com,Genderqueer,6.62.235.6
616,Hyacinthia,Vasyunichev,hvasyunichevh3@twitpic.com,Agender,46.0.125.94
617,Livvyy,Lye,llyeh4@google.it,Bigender,120.146.19.223
618,Rochella,Lemmon,rlemmonh5@fotki.com,Genderfluid,184.158.4.53
619,Ruthe,Dominiak,rdominiakh6@icq.com,Non-binary,63.203.43.5
620,Nikolia,Ravillas,nravillash7@merriam-webster.com,Non-binary,2.81.89.211
621,Elroy,Beeson,ebeesonh8@sitemeter.com,Male,10.179.56.162
622,Kimbra,Willcott,kwillcotth9@icio.us,Genderfluid,64.168.52.181
623,Vassili,Saltmarshe,vsaltmarsheha@woothemes.com,Polygender,30.26.116.29
624,Reeta,Duffill,rduffillhb@soup.io,Polygender,118.29.218.125
625,Petronia,Sotheron,psotheronhc@biblegateway.com,Bigender,46.31.112.146
626,Errol,Jurgenson,ejurgensonhd@opera.com,Agender,41.198.240.132
627,Del,McGaugan,dmcgauganhe@reddit.com,Female,27.161.57.122
628,Diahann,Dye,ddyehf@craigslist.org,Agender,194.168.104.153
629,Galven,Bloschke,gbloschkehg@skyrock.com,Polygender,195.201.30.182
630,Kevin,Lithcow,klithcowhh@nih.gov,Female,127.58.56.237
631,Carlynn,Kuzemka,ckuzemkahi@bloomberg.com,Bigender,220.127.102.180
632,Byrom,Curlis,bcurlishj@bandcamp.com,Polygender,232.176.59.125
633,Gratia,Grinter,ggrinterhk@sina.com.cn,Bigender,242.157.164.112
634,Salvatore,Harradine,sharradinehl@google.com,Agender,1.177.64.171
635,Ody,Deave,odeavehm@umich.edu,Genderqueer,6.132.232.189
636,Ronalda,Beese,rbeesehn@cornell.edu,Male,130.24.194.168
637,Constancy,Dimitriou,cdimitriouho@edublogs.org,Bigender,99.100.141.208
638,Arnoldo,Showte,ashowtehp@bloglines.com,Agender,205.122.205.48
639,Nicoli,Penburton,npenburtonhq@scientificamerican.com,Male,23.32.127.211
640,Joya,Kivelle,jkivellehr@ycombinator.com,Female,194.50.142.143
641,Tudor,Elsby,telsbyhs@clickbank.net,Genderqueer,71.225.203.20
642,Towney,Dacombe,tdacombeht@jimdo.com,Genderfluid,242.208.20.207
643,Zenia,O'Lennachain,zolennachainhu@cafepress.com,Genderqueer,145.148.214.93
644,Herbert,Blackey,hblackeyhv@etsy.com,Agender,70.217.18.4
645,Dall,Lawrance,dlawrancehw@soup.io,Genderfluid,84.218.0.103
646,Murielle,Mackerel,mmackerelhx@dropbox.com,Genderfluid,137.155.111.166
647,Casey,Calles,ccalleshy@oaic.gov.au,Polygender,143.156.249.54
648,Catharina,Menhenitt,cmenhenitthz@hibu.com,Genderqueer,154.79.61.155
649,Beverlee,Hasell,bhaselli0@slideshare.net,Genderqueer,14.104.112.228
650,Ross,Navarro,rnavarroi1@dot.gov,Male,120.131.247.102
651,Teresa,Whilder,twhilderi2@exblog.jp,Female,166.37.99.108
652,Gib,Gelsthorpe,ggelsthorpei3@nyu.edu,Female,65.155.223.96
653,Darren,Grellier,dgrellieri4@reverbnation.com,Polygender,87.114.167.75
654,Dew,Egle of Germany,degleofgermanyi5@comcast.net,Genderfluid,75.129.107.236
655,Warren,Laviste,wlavistei6@printfriendly.com,Male,71.142.85.62
656,Dennis,Ricca,driccai7@admin.ch,Bigender,231.57.164.150
657,Timoteo,Toyer,ttoyeri8@cargocollective.com,Genderfluid,173.74.2.238
658,Latia,Jaycox,ljaycoxi9@wix.com,Non-binary,68.13.7.63
659,Whitney,Sumpter,wsumpteria@woothemes.com,Agender,45.33.100.13
660,Connor,Banfill,cbanfillib@chron.com,Female,243.146.114.197
661,Ennis,Tiplady,etipladyic@google.ru,Genderqueer,121.1.228.133
662,Germana,McCuish,gmccuishid@shutterfly.com,Genderqueer,183.48.254.203
663,Beatrice,Murtimer,bmurtimerie@wix.com,Non-binary,205.121.144.12
664,Angela,Casse,acasseif@51.la,Polygender,220.216.141.48
665,Enid,Scotcher,escotcherig@ycombinator.com,Polygender,165.143.175.229
666,Melitta,Nealand,mnealandih@php.net,Non-binary,99.20.181.46
667,Rodina,Bonnier,rbonnierii@vinaora.com,Non-binary,96.167.69.98
668,Luci,Gladdish,lgladdishij@netvibes.com,Genderfluid,134.136.156.27
669,Karel,Dhennin,kdhenninik@barnesandnoble.com,Bigender,152.119.189.238
670,Charmain,Szymanowicz,cszymanowiczil@whitehouse.gov,Female,44.24.247.253
671,Reynold,Swepstone,rswepstoneim@squarespace.com,Bigender,154.21.77.32
672,Arnoldo,Guerreiro,aguerreiroin@accuweather.com,Bigender,233.69.126.54
673,Ameline,Treweke,atrewekeio@loc.gov,Polygender,80.182.92.23
674,Kathye,Hill,khillip@gizmodo.com,Genderfluid,86.76.210.213
675,Fancie,Bottini,fbottiniiq@webs.com,Agender,7.99.46.214
676,Brooke,Moncreif,bmoncreifir@mapquest.com,Genderqueer,146.229.218.105
677,Belicia,Raeside,braesideis@addtoany.com,Male,211.88.194.209
678,Alvis,Devine,adevineit@acquirethisname.com,Non-binary,91.71.54.191
679,Luca,Swaisland,lswaislandiu@goo.gl,Polygender,130.79.54.232
680,Jerrome,Gautrey,jgautreyiv@miibeian.gov.cn,Male,117.83.175.142
681,Juline,Vanyutin,jvanyutiniw@nba.com,Male,231.167.79.145
682,Dorette,Tome,dtomeix@nymag.com,Female,27.164.202.205
683,Allin,Shaxby,ashaxbyiy@wufoo.com,Female,165.223.109.156
684,Sloane,Laphorn,slaphorniz@dedecms.com,Male,91.74.251.142
685,Sydney,Seville,ssevillej0@businesswire.com,Female,160.91.94.149
686,Patience,Songist,psongistj1@vkontakte.ru,Genderfluid,187.14.144.21
687,Hertha,Soigne,hsoignej2@goo.gl,Bigender,198.92.63.194
688,Cordy,Romei,cromeij3@yahoo.com,Polygender,146.30.164.49
689,Matthias,Gerrans,mgerransj4@amazon.co.uk,Genderqueer,174.201.201.21
690,Kris,Rodrigo,krodrigoj5@blogtalkradio.com,Genderfluid,11.196.73.106
691,Ailis,Ormonde,aormondej6@amazon.de,Female,175.95.31.176
692,Astra,Wickett,awickettj7@ehow.com,Agender,45.28.176.237
693,Irvin,Elliot,ielliotj8@trellian.com,Male,155.77.17.218
694,Josy,Collabine,jcollabinej9@huffingtonpost.com,Bigender,101.223.78.73
695,Kyle,Mullarkey,kmullarkeyja@tripod.com,Male,252.164.52.29
696,Tyne,Shankster,tshanksterjb@latimes.com,Agender,3.150.176.222
697,Patsy,McWard,pmcwardjc@china.com.cn,Bigender,111.88.234.239
698,Cristine,Ofer,coferjd@youku.com,Bigender,76.190.127.131
699,Abner,Gambles,agamblesje@dropbox.com,Genderfluid,62.182.159.119
700,Josephina,Leap,jleapjf@ask.com,Male,63.42.201.254
701,Templeton,Spalls,tspallsjg@bbc.co.uk,Female,30.215.182.77
702,Hayes,Womersley,hwomersleyjh@ucoz.ru,Polygender,51.81.103.151
703,Gerrard,Spowart,gspowartji@yahoo.com,Non-binary,13.255.94.157
704,Bunny,Potapczuk,bpotapczukjj@wikia.com,Male,35.215.92.129
705,Bradford,Loughren,bloughrenjk@bbb.org,Genderqueer,108.135.41.126
706,Vin,Mackinder,vmackinderjl@sakura.ne.jp,Genderfluid,11.31.19.235
707,Kelly,Hedingham,khedinghamjm@economist.com,Female,22.119.172.177
708,Britte,Benn,bbennjn@ow.ly,Non-binary,217.33.36.219
709,Paten,Roch,prochjo@last.fm,Agender,65.24.38.199
710,Hannis,Worgen,hworgenjp@cbsnews.com,Female,171.160.42.117
711,Shawn,Swaile,sswailejq@phoca.cz,Genderfluid,154.216.199.89
712,Trenton,Paulot,tpaulotjr@artisteer.com,Genderfluid,16.105.7.235
713,Pete,Trembey,ptrembeyjs@networkadvertising.org,Polygender,170.135.126.179
714,Chlo,Rispen,crispenjt@last.fm,Agender,161.231.205.144
715,Aluino,Emblen,aemblenju@aol.com,Genderfluid,153.120.169.21
716,Leo,MacQuarrie,lmacquarriejv@godaddy.com,Agender,157.191.1.211
717,Bridie,Lakes,blakesjw@dyndns.org,Genderqueer,127.243.111.85
718,Greg,Widdison,gwiddisonjx@google.pl,Genderfluid,253.238.148.34
719,Karrie,Popplewell,kpopplewelljy@google.com.au,Genderqueer,41.162.27.74
720,Ikey,Rubrow,irubrowjz@buzzfeed.com,Genderqueer,103.132.38.135
721,Daune,Branford,dbranfordk0@wix.com,Non-binary,95.143.82.12
722,Quinn,Cleveley,qcleveleyk1@vimeo.com,Genderqueer,105.40.199.0
723,Neale,Palia,npaliak2@lycos.com,Genderqueer,73.87.169.31
724,Frannie,Clery,fcleryk3@arstechnica.com,Male,138.71.61.228
725,Elysha,Perfitt,eperfittk4@imageshack.us,Female,5.20.169.214
726,Gordan,Trimme,gtrimmek5@e-recht24.de,Male,69.96.76.246
727,Paulette,Lethley,plethleyk6@europa.eu,Non-binary,173.35.127.21
728,Archie,Hedgeman,ahedgemank7@odnoklassniki.ru,Polygender,25.178.70.143
729,Hugibert,Flanaghan,hflanaghank8@booking.com,Polygender,50.148.79.239
730,Kikelia,Harriman,kharrimank9@arstechnica.com,Female,43.108.217.84
731,Germayne,Mattiello,gmattielloka@issuu.com,Female,198.41.68.167
732,Jacquetta,MacNulty,jmacnultykb@tripadvisor.com,Male,81.240.108.148
733,Ellette,Bedder,ebedderkc@desdev.cn,Bigender,147.234.87.117
734,Juli,Bodicum,jbodicumkd@zimbio.com,Polygender,145.119.237.240
735,Benni,Topley,btopleyke@t.co,Agender,171.168.223.199
736,Peadar,Branchett,pbranchettkf@toplist.cz,Bigender,163.190.201.243
737,Carmelia,Borlease,cborleasekg@dell.com,Non-binary,84.44.105.70
738,Hinda,Wannop,hwannopkh@merriam-webster.com,Genderqueer,182.112.93.20
739,Clemente,Speake,cspeakeki@squarespace.com,Polygender,47.74.83.169
740,Linzy,Nesbeth,lnesbethkj@vinaora.com,Genderfluid,219.113.107.57
741,Karyl,Cancott,kcancottkk@go.com,Agender,83.215.243.226
742,Codee,Bonder,cbonderkl@irs.gov,Female,111.111.142.209
743,Elijah,Rowden,erowdenkm@msu.edu,Bigender,237.150.8.240
744,Phedra,Priditt,ppridittkn@stanford.edu,Genderfluid,169.182.4.226
745,Giorgia,Dashkov,gdashkovko@arizona.edu,Genderfluid,28.104.117.167
746,Michelle,Mar,mmarkp@marketwatch.com,Genderfluid,184.205.20.75
747,Hilde,MacPhaden,hmacphadenkq@weebly.com,Female,84.108.31.144
748,Albie,Fairlem,afairlemkr@si.edu,Genderqueer,219.143.203.197
749,Farley,Gair,fgairks@clickbank.net,Polygender,184.57.14.193
750,Tricia,Abram,tabramkt@squarespace.com,Female,106.195.233.134
751,Quillan,Stretton,qstrettonku@bandcamp.com,Female,235.238.247.161
752,Elihu,Baudy,ebaudykv@usnews.com,Female,58.206.232.131
753,Angelika,Lukacs,alukacskw@4shared.com,Genderfluid,192.100.75.77
754,Gregorius,Grigore,ggrigorekx@deliciousdays.com,Polygender,161.168.195.97
755,Jeana,Troy,jtroyky@youku.com,Polygender,187.162.135.58
756,Lock,Bostick,lbostickkz@ustream.tv,Female,14.220.171.20
757,Isaac,Itzkovitch,iitzkovitchl0@hp.com,Bigender,99.111.84.185
758,Lorettalorna,Tootal,ltootall1@bravesites.com,Male,54.134.123.120
759,Zeke,Spondley,zspondleyl2@acquirethisname.com,Genderqueer,19.70.65.41
760,Jere,Gethin,jgethinl3@abc.net.au,Genderqueer,123.213.157.15
761,Arielle,Kirtland,akirtlandl4@aboutads.info,Polygender,19.145.196.208
762,Greg,Clancy,gclancyl5@sogou.com,Non-binary,18.158.127.2
763,Shaun,Philippault,sphilippaultl6@epa.gov,Non-binary,206.213.27.200
764,Joellen,Craighall,jcraighalll7@smugmug.com,Non-binary,171.122.127.139
765,Pollyanna,Chinnery,pchinneryl8@blogger.com,Agender,212.143.19.129
766,Jo,Lacy,jlacyl9@indiatimes.com,Genderfluid,161.131.198.205
767,Aundrea,Ambroise,aambroisela@si.edu,Non-binary,53.43.114.155
768,Ky,Lascell,klascelllb@upenn.edu,Female,201.176.153.36
769,Michel,Howton,mhowtonlc@disqus.com,Polygender,156.49.232.54
770,Hermine,Luisetti,hluisettild@samsung.com,Polygender,198.208.140.7
771,Ilene,Halsted,ihalstedle@forbes.com,Non-binary,182.90.46.119
772,Rooney,Cancellieri,rcancellierilf@foxnews.com,Non-binary,254.26.118.106
773,Suzi,Koeppe,skoeppelg@ameblo.jp,Bigender,143.111.172.36
774,Ulrich,Maccrea,umaccrealh@nature.com,Genderqueer,225.171.110.48
775,Gerda,Drust,gdrustli@mail.ru,Genderfluid,112.252.28.199
776,Adara,Derye-Barrett,aderyebarrettlj@alexa.com,Agender,1.97.53.26
777,Katherina,Bourchier,kbourchierlk@stanford.edu,Non-binary,92.220.242.92
778,Goldie,Bane,gbanell@freewebs.com,Female,65.61.201.223
779,Briana,Walley,bwalleylm@arstechnica.com,Bigender,101.33.61.223
780,Kassey,Dorrell,kdorrellln@reuters.com,Genderfluid,1.252.201.23
781,Janeta,Laurie,jlaurielo@sourceforge.net,Agender,245.134.112.250
782,Cassie,Melwall,cmelwalllp@ted.com,Polygender,153.92.33.237
783,Vassily,Ropars,vroparslq@epa.gov,Polygender,181.100.241.88
784,Audrey,Drinkhill,adrinkhilllr@photobucket.com,Female,135.155.197.173
785,Keelby,Edwick,kedwickls@artisteer.com,Polygender,70.199.254.132
786,Sharon,Lillo,slillolt@tinyurl.com,Genderqueer,177.118.180.133
787,Evania,Cremins,ecreminslu@tinypic.com,Male,167.239.198.144
788,Thibaut,Eglese,tegleselv@netvibes.com,Genderfluid,220.139.40.156
789,Carmel,Frankcombe,cfrankcombelw@merriam-webster.com,Bigender,48.153.214.11
790,Blithe,Whether,bwhetherlx@craigslist.org,Female,238.112.210.97
791,Arlyne,Guwer,aguwerly@google.es,Agender,203.180.167.156
792,Osmond,Santora,osantoralz@people.com.cn,Genderfluid,233.206.11.44
793,Lorianna,Ackland,lacklandm0@amazon.co.jp,Agender,113.141.27.80
794,Mahala,Robbe,mrobbem1@wp.com,Polygender,92.200.93.96
795,Marlin,Jell,mjellm2@mac.com,Genderqueer,89.179.143.73
796,Karim,Shaxby,kshaxbym3@illinois.edu,Female,41.63.160.112
797,Earl,O'Fairy,eofairym4@vistaprint.com,Female,154.28.19.31
798,Marc,Woltman,mwoltmanm5@sourceforge.net,Female,180.233.156.223
799,Deonne,Trebble,dtrebblem6@booking.com,Male,2.207.79.105
800,Dallon,Kimpton,dkimptonm7@istockphoto.com,Male,200.74.210.68
801,Shannah,Appleyard,sappleyardm8@theguardian.com,Bigender,11.89.97.234
802,Angelia,Alwood,aalwoodm9@msn.com,Non-binary,40.51.44.183
803,Tabina,Malyan,tmalyanma@bloglovin.com,Female,73.1.118.32
804,Raeann,MacKomb,rmackombmb@pcworld.com,Genderqueer,61.241.240.142
805,Belinda,Miskin,bmiskinmc@myspace.com,Bigender,217.147.161.85
806,Em,Oliveto,eolivetomd@naver.com,Agender,250.151.192.130
807,Montague,Barling,mbarlingme@mediafire.com,Bigender,127.140.255.41
808,Gay,Rodger,grodgermf@ameblo.jp,Male,159.21.181.244
809,Eryn,Corpes,ecorpesmg@imdb.com,Genderfluid,206.235.177.26
810,Ricki,Brun,rbrunmh@cyberchimps.com,Polygender,50.229.46.184
811,Stacey,Darnbrough,sdarnbroughmi@huffingtonpost.com,Non-binary,234.118.237.142
812,Gasparo,Ambrois,gambroismj@cocolog-nifty.com,Female,176.1.99.84
813,Emmalynne,Santer,esantermk@si.edu,Bigender,173.76.187.28
814,Keri,Bolzmann,kbolzmannml@mit.edu,Bigender,240.76.48.158
815,Iolanthe,Penhale,ipenhalemm@paginegialle.it,Non-binary,107.48.11.155
816,Noby,Garfirth,ngarfirthmn@engadget.com,Non-binary,64.30.228.208
817,Aprilette,Breming,abremingmo@wsj.com,Non-binary,85.200.86.236
818,Kain,Osipenko,kosipenkomp@forbes.com,Bigender,164.182.40.167
819,Eveleen,Greaves,egreavesmq@google.ru,Genderqueer,172.224.22.212
820,Eba,Bahlmann,ebahlmannmr@census.gov,Polygender,115.33.55.209
821,Gertrud,Adanez,gadanezms@sciencedaily.com,Polygender,166.242.94.230
822,Kenyon,Sheward,kshewardmt@chronoengine.com,Female,24.208.48.93
823,Lionello,Pillman,lpillmanmu@posterous.com,Genderfluid,179.53.244.169
824,Francisca,Thying,fthyingmv@thetimes.co.uk,Female,54.126.68.78
825,Johny,Audrey,jaudreymw@deliciousdays.com,Genderqueer,28.3.42.7
826,Igor,Salters,isaltersmx@wiley.com,Genderfluid,145.107.103.15
827,Pate,Puttrell,pputtrellmy@sciencedaily.com,Bigender,238.59.181.165
828,Ruy,Stapley,rstapleymz@infoseek.co.jp,Polygender,193.42.76.49
829,Bette,Swindells,bswindellsn0@wunderground.com,Polygender,204.95.191.6
830,Egor,Nicholls,enichollsn1@ask.com,Bigender,81.6.243.209
831,Teddy,Kenworthy,tkenworthyn2@sbwire.com,Male,168.42.252.143
832,Bone,Castlake,bcastlaken3@howstuffworks.com,Genderqueer,95.244.176.118
833,Birk,Drescher,bdreschern4@sogou.com,Bigender,133.42.81.17
834,Hanni,Cardall,hcardalln5@digg.com,Genderfluid,215.222.32.211
835,Paola,Grent,pgrentn6@google.com.hk,Polygender,58.60.62.58
836,Pepillo,Matusson,pmatussonn7@istockphoto.com,Agender,147.235.221.240
837,Kessiah,Hamstead,khamsteadn8@blogtalkradio.com,Bigender,8.129.19.41
838,Vinnie,Thorley,vthorleyn9@vk.com,Non-binary,171.193.142.138
839,Blancha,Staning,bstaningna@imageshack.us,Male,237.41.86.97
840,Charleen,Jope,cjopenb@shutterfly.com,Polygender,64.90.164.40
841,Florenza,Jonk,fjonknc@slashdot.org,Male,123.48.163.9
842,Jesselyn,Larchiere,jlarchierend@about.me,Female,221.236.171.236
843,Annice,Ellgood,aellgoodne@comcast.net,Female,71.151.148.195
844,Maddi,Cordeau],mcordeaunf@canalblog.com,Genderfluid,221.242.82.95
845,Osgood,Grunbaum,ogrunbaumng@bing.com,Polygender,86.16.151.210
846,Jeffie,Filppetti,jfilppettinh@dailymotion.com,Female,217.76.25.217
847,Madelin,Founds,mfoundsni@nasa.gov,Non-binary,229.25.31.10
848,Amabelle,Giacomini,agiacomininj@utexas.edu,Female,53.40.223.217
849,Ker,Keave,kkeavenk@cocolog-nifty.com,Genderqueer,90.204.11.197
850,Maryl,Millberg,mmillbergnl@ezinearticles.com,Male,246.127.134.64
851,Louisa,Bootland,lbootlandnm@rediff.com,Female,42.131.165.0
852,Englebert,Gitting,egittingnn@salon.com,Male,196.166.41.244
853,Hannie,Dahmel,hdahmelno@engadget.com,Female,47.173.42.172
854,Auroora,Smullen,asmullennp@businessweek.com,Polygender,4.50.12.12
855,Wallie,Delahunty,wdelahuntynq@odnoklassniki.ru,Genderqueer,203.115.51.55
856,Milicent,Flacknell,mflacknellnr@nydailynews.com,Genderfluid,209.37.53.109
857,Constantino,Kirmond,ckirmondns@census.gov,Male,221.96.125.136
858,Lenore,Rought,lroughtnt@pen.io,Genderqueer,241.98.172.73
859,Darrin,Hadny,dhadnynu@eepurl.com,Polygender,22.157.129.65
860,Fernande,Hartfield,fhartfieldnv@w3.org,Male,184.50.5.98
861,Alric,Venediktov,avenediktovnw@microsoft.com,Female,2.155.228.85
862,Paolina,Hathway,phathwaynx@so-net.ne.jp,Female,126.18.21.162
863,Edin,MacLachlan,emaclachlanny@toplist.cz,Genderqueer,99.253.220.49
864,Pierce,Cerro,pcerronz@cisco.com,Female,230.186.213.74
865,Carena,Deamer,cdeamero0@mediafire.com,Female,190.232.126.26
866,Callie,Menichini,cmenichinio1@nasa.gov,Male,52.169.122.194
867,Sherlocke,Bernardt,sbernardto2@cornell.edu,Male,32.215.50.96
868,Alexandrina,Rickets,aricketso3@gov.uk,Non-binary,30.195.169.31
869,Josh,Bushby,jbushbyo4@sun.com,Genderqueer,25.254.25.115
870,Conn,Bicker,cbickero5@soundcloud.com,Genderqueer,94.110.96.88
871,Arnold,Wickmann,awickmanno6@fda.gov,Genderfluid,53.83.34.177
872,Solomon,Josipovitz,sjosipovitzo7@tamu.edu,Female,178.186.232.43
873,Bennett,Shovlar,bshovlaro8@dailymail.co.uk,Agender,70.69.98.247
874,Panchito,Danter,pdantero9@delicious.com,Genderfluid,14.58.243.104
875,Kellia,Carlton,kcarltonoa@slate.com,Bigender,13.146.56.174
876,Amelita,Ajsik,aajsikob@meetup.com,Female,129.124.152.149
877,Irma,Dearlove,idearloveoc@printfriendly.com,Non-binary,131.127.227.22
878,Dewitt,Tenney,dtenneyod@surveymonkey.com,Female,31.169.100.147
879,Poul,Taffs,ptaffsoe@harvard.edu,Genderqueer,252.245.156.232
880,Benedicta,Sictornes,bsictornesof@nbcnews.com,Non-binary,40.111.110.254
881,Ellen,Picheford,epichefordog@bbc.co.uk,Bigender,213.172.226.102
882,Cooper,Brisker,cbriskeroh@php.net,Female,40.134.26.44
883,Lewiss,Meekins,lmeekinsoi@sbwire.com,Polygender,199.23.97.253
884,Yorgo,Jedrysik,yjedrysikoj@indiatimes.com,Genderqueer,214.80.210.171
885,Odessa,Fruchter,ofruchterok@feedburner.com,Female,93.214.46.181
886,Bax,McCard,bmccardol@technorati.com,Bigender,135.54.3.203
887,Jamie,Sidle,jsidleom@toplist.cz,Non-binary,168.186.177.118
888,Tersina,Quan,tquanon@rambler.ru,Genderqueer,12.53.136.90
889,Ailyn,Gronno,agronnooo@people.com.cn,Agender,234.20.53.244
890,Amil,Stolze,astolzeop@dagondesign.com,Genderfluid,218.254.88.107
891,Aveline,Robertsen,arobertsenoq@who.int,Genderqueer,121.15.67.240
892,Dmitri,Izakovitz,dizakovitzor@webeden.co.uk,Agender,21.180.76.62
893,Charleen,Addionisio,caddionisioos@devhub.com,Polygender,208.8.156.152
894,Codee,Clinning,cclinningot@si.edu,Genderfluid,71.169.202.63
895,Ariel,Roofe,aroofeou@google.com.br,Female,176.154.31.65
896,Annamaria,Udall,audallov@tumblr.com,Female,145.209.251.213
897,Anallise,Goudman,agoudmanow@slashdot.org,Female,4.109.12.214
898,Dagny,Sturley,dsturleyox@yahoo.co.jp,Female,121.156.146.62
899,Allyson,Sommers,asommersoy@acquirethisname.com,Female,22.57.16.22
900,Hilliary,Krates,hkratesoz@ebay.co.uk,Polygender,66.118.221.225
901,Lowe,Poulston,lpoulstonp0@examiner.com,Male,171.183.65.32
902,Billie,Mattson,bmattsonp1@bigcartel.com,Polygender,166.228.21.24
903,Kipp,Kener,kkenerp2@about.com,Genderqueer,51.229.223.241
904,Leonerd,Sage,lsagep3@cpanel.net,Female,215.45.3.234
905,Meade,Bazelle,mbazellep4@zdnet.com,Polygender,169.223.185.134
906,Geoff,Cochet,gcochetp5@amazon.co.jp,Non-binary,122.10.163.107
907,Olenolin,Kunkel,okunkelp6@meetup.com,Bigender,46.12.42.136
908,Ferdie,Jelliman,fjellimanp7@cocolog-nifty.com,Female,255.181.31.217
909,Kala,Garfit,kgarfitp8@smugmug.com,Agender,168.119.151.157
910,Nelle,Doore,ndoorep9@vk.com,Male,15.113.212.31
911,Odell,Pooley,opooleypa@diigo.com,Non-binary,64.107.175.24
912,Lorrie,Fidele,lfidelepb@sciencedaily.com,Non-binary,160.163.213.138
913,Anatole,Joron,ajoronpc@mysql.com,Genderqueer,140.237.107.23
914,Gunther,Morville,gmorvillepd@usa.gov,Genderqueer,119.69.141.21
915,Lorant,Brabon,lbrabonpe@mediafire.com,Female,83.34.248.242
916,Bernadette,Harryman,bharrymanpf@unicef.org,Non-binary,54.218.218.57
917,Gisele,Stranks,gstrankspg@uol.com.br,Bigender,24.197.226.37
918,Donny,Hissie,dhissieph@so-net.ne.jp,Genderqueer,210.86.230.232
919,Tobin,Lorinez,tlorinezpi@moonfruit.com,Female,63.220.208.135
920,Claretta,Dizlie,cdizliepj@instagram.com,Non-binary,190.177.126.51
921,Henry,Poolton,hpooltonpk@cyberchimps.com,Genderqueer,243.7.104.131
922,Farrah,Tattershaw,ftattershawpl@youtube.com,Bigender,244.123.191.184
923,Nancey,Chartre,nchartrepm@mac.com,Bigender,210.34.252.30
924,Frankie,Nend,fnendpn@gmpg.org,Agender,125.28.209.225
925,Melitta,Burke,mburkepo@people.com.cn,Non-binary,200.198.141.100
926,Ingaberg,Barton,ibartonpp@mapy.cz,Genderqueer,184.66.224.105
927,Starlin,Ganderton,sgandertonpq@seesaa.net,Bigender,191.223.60.81
928,Abra,Kennerley,akennerleypr@goo.ne.jp,Genderfluid,98.160.247.40
929,Tawsha,Rhodes,trhodesps@redcross.org,Polygender,156.59.226.35
930,Royal,Rosenhaus,rrosenhauspt@163.com,Male,171.120.158.62
931,Sheelagh,Garvagh,sgarvaghpu@theguardian.com,Bigender,222.37.22.40
932,Wynne,Eydel,weydelpv@time.com,Bigender,4.57.200.215
933,Keri,Wistance,kwistancepw@webmd.com,Male,106.223.56.70
934,Elijah,Shearman,eshearmanpx@51.la,Genderqueer,8.197.40.70
935,Fayth,Eberst,feberstpy@uol.com.br,Male,169.205.119.236
936,Cliff,Gedge,cgedgepz@hugedomains.com,Genderqueer,22.5.41.183
937,Meg,Bedo,mbedoq0@a8.net,Male,130.208.74.111
938,Weston,Dickman,wdickmanq1@indiegogo.com,Female,39.144.26.197
939,Kaitlin,Humbell,khumbellq2@barnesandnoble.com,Male,72.149.127.56
940,Rafferty,Orris,rorrisq3@google.ru,Female,181.18.209.221
941,Virgie,Hearty,vheartyq4@gmpg.org,Female,142.241.250.51
942,Audrie,Anersen,aanersenq5@ask.com,Female,33.56.191.48
943,Sadella,Connell,sconnellq6@sohu.com,Bigender,113.77.6.47
944,Debbie,Deeves,ddeevesq7@about.com,Genderqueer,166.60.163.96
945,King,Bedbrough,kbedbroughq8@usda.gov,Female,243.192.140.226
946,Shay,Dyett,sdyettq9@multiply.com,Female,155.45.61.134
947,Elianora,Ferrelli,eferrelliqa@delicious.com,Agender,75.61.96.105
948,Mellie,Bools,mboolsqb@huffingtonpost.com,Bigender,30.153.188.189
949,Virgina,Denerley,vdenerleyqc@jiathis.com,Agender,33.29.80.184
950,Michelle,Whittenbury,mwhittenburyqd@google.com.br,Genderqueer,241.51.184.170
951,Kenton,Elves,kelvesqe@t-online.de,Polygender,87.81.179.176
952,Nerta,Mynett,nmynettqf@constantcontact.com,Genderqueer,180.42.43.25
953,Teressa,Szymczyk,tszymczykqg@newsvine.com,Male,188.13.164.199
954,Penni,Venditto,pvendittoqh@topsy.com,Male,90.186.238.195
955,Karilynn,Robez,krobezqi@oakley.com,Female,97.99.74.6
956,Eldon,Alyukin,ealyukinqj@yahoo.com,Male,95.186.84.185
957,Briant,Wordsley,bwordsleyqk@de.vu,Bigender,3.66.124.241
958,Avie,Rielly,ariellyql@bbc.co.uk,Female,116.160.2.22
959,Ludvig,McInteer,lmcinteerqm@blog.com,Genderqueer,93.145.80.128
960,Bobine,Hasselby,bhasselbyqn@devhub.com,Female,62.209.216.13
961,Milissent,Steffans,msteffansqo@github.io,Agender,17.87.248.138
962,Audie,Wedderburn,awedderburnqp@google.ca,Female,231.122.42.207
963,Tonye,Reaney,treaneyqq@cdbaby.com,Non-binary,69.174.241.218
964,Gretta,Storcke,gstorckeqr@sitemeter.com,Non-binary,107.153.203.104
965,Giraldo,Oldroyde,goldroydeqs@zimbio.com,Agender,18.200.201.41
966,Trescha,Polet,tpoletqt@timesonline.co.uk,Agender,119.92.75.1
967,Shelli,Wattam,swattamqu@howstuffworks.com,Genderfluid,31.246.214.251
968,Reginald,D'eathe,rdeatheqv@tiny.cc,Female,10.92.178.67
969,Nikki,Glowacz,nglowaczqw@youku.com,Agender,187.135.111.151
970,Nora,Abbate,nabbateqx@bing.com,Non-binary,92.172.54.70
971,Fayette,Gravenell,fgravenellqy@google.fr,Female,72.58.5.52
972,Charley,Ganley,cganleyqz@plala.or.jp,Genderqueer,218.30.23.106
973,Tess,Tamburo,ttamburor0@geocities.com,Non-binary,170.28.199.145
974,Leonie,Clewarth,lclewarthr1@nytimes.com,Non-binary,233.218.28.76
975,Berty,MacCook,bmaccookr2@google.it,Male,61.246.84.220
976,Chiarra,Monsey,cmonseyr3@ebay.com,Genderfluid,25.22.153.178
977,Leland,Dunklee,ldunkleer4@yahoo.com,Genderqueer,160.57.41.97
978,Mike,Frankiss,mfrankissr5@whitehouse.gov,Polygender,64.214.83.133
979,Shae,Thurber,sthurberr6@php.net,Genderqueer,23.144.197.227
980,Sigvard,Petrushkevich,spetrushkevichr7@hud.gov,Agender,172.111.54.84
981,Eustace,Defries,edefriesr8@about.me,Bigender,50.89.142.253
982,Regan,Critchard,rcritchardr9@seesaa.net,Polygender,57.236.66.133
983,Rurik,Lemm,rlemmra@hatena.ne.jp,Genderqueer,111.40.160.182
984,Cariotta,Egle of Germany,cegleofgermanyrb@cpanel.net,Non-binary,52.62.154.229
985,Veronique,Quartly,vquartlyrc@purevolume.com,Bigender,209.24.14.74
986,Jemmy,Capes,jcapesrd@marriott.com,Genderfluid,91.195.35.72
987,Trula,Benitti,tbenittire@omniture.com,Bigender,104.105.137.160
988,Sula,Sunley,ssunleyrf@desdev.cn,Genderfluid,103.104.215.153
989,Pierre,Sulter,psulterrg@skyrock.com,Genderqueer,230.129.69.195
990,Ina,Mellor,imellorrh@nymag.com,Genderqueer,99.0.137.95
991,Elenore,Milch,emilchri@nhs.uk,Genderqueer,214.94.122.78
992,Burgess,Chritchley,bchritchleyrj@google.it,Agender,227.131.178.203
993,Raddy,Halls,rhallsrk@squarespace.com,Non-binary,240.218.182.47
994,Noble,Chadburn,nchadburnrl@timesonline.co.uk,Polygender,131.248.193.96
995,Jecho,Hulatt,jhulattrm@miitbeian.gov.cn,Genderfluid,6.59.139.3
996,Raul,Weatherhill,rweatherhillrn@desdev.cn,Female,101.56.38.150
997,Libbi,MacConnal,lmacconnalro@reuters.com,Female,206.238.149.173
998,Haily,Hospital,hhospitalrp@earthlink.net,Male,159.153.79.47
999,Darrel,Grisley,dgrisleyrq@tripod.com,Non-binary,80.197.26.131
1000,Janos,Kiendl,jkiendlrr@home.pl,Genderfluid,48.158.52.25
